SET SCHEMA INTUIT;

INSERT INTO INS_MOD (MOD_CODE, MOD_NAME, MOD_IUSE, MOD_UDF5, MOD_CRDT) VALUES ('CS118-15', 'Programming for Computer Scientists', 'Y', 'Y', 15);
INSERT INTO INS_MOD (MOD_CODE, MOD_NAME, MOD_IUSE, MOD_UDF5, MOD_CRDT) VALUES ('CS261-15', 'Software Engineering', 'Y', 'Y', 15);
INSERT INTO INS_MOD (MOD_CODE, MOD_NAME, MOD_IUSE, MOD_UDF5, MOD_CRDT) VALUES ('CS343-30', 'Computer & Business Studies Project', 'Y', 'Y', 30);

INSERT INTO INS_LCA (LCA_CODE, LCA_NAME) VALUES ('U', 'University of Warwick');

INSERT INTO CAM_AST (AST_CODE, AST_NAME, AST_IUSE) VALUES ('ES', 'Examination - Summer', 'Y');
INSERT INTO CAM_AST (AST_CODE, AST_NAME, AST_IUSE) VALUES ('WRI', 'Essay', 'Y');
INSERT INTO CAM_AST (AST_CODE, AST_NAME, AST_IUSE) VALUES ('O', 'Other', 'Y');
INSERT INTO CAM_AST (AST_CODE, AST_NAME, AST_IUSE) VALUES ('DA', 'Design Assignment', 'Y');
INSERT INTO CAM_AST (AST_CODE, AST_NAME, AST_IUSE) VALUES ('T', 'In-Class Test', 'Y');
INSERT INTO CAM_AST (AST_CODE, AST_NAME, AST_IUSE) VALUES ('D', 'Dissertation', 'Y');

INSERT INTO SRS_FAC (FAC_CODE, FAC_NAME, FAC_IUSE) VALUES ('A', 'Arts', 'Y');
INSERT INTO SRS_FAC (FAC_CODE, FAC_NAME, FAC_IUSE) VALUES ('S', 'Science', 'Y');
INSERT INTO SRS_FAC (FAC_CODE, FAC_NAME, FAC_IUSE) VALUES ('T', 'Social Sciences', 'Y');
INSERT INTO SRS_FAC (FAC_CODE, FAC_NAME, FAC_IUSE) VALUES ('X', 'No Faculty', 'Y');
INSERT INTO SRS_FAC (FAC_CODE, FAC_NAME, FAC_IUSE) VALUES ('M', 'Medicine', 'Y');
INSERT INTO SRS_FAC (FAC_CODE, FAC_NAME, FAC_IUSE) VALUES ('I', 'Interdisciplinary/Cross-Faculty', 'Y');

INSERT INTO INS_DPT (DPT_CODE, DPT_NAME, DPT_TYPE, DPT_IUSE, DPT_FACC) VALUES ('CS', 'Computer Science', 'DEP', 'Y', 'S');
INSERT INTO INS_DPT (DPT_CODE, DPT_NAME, DPT_TYPE, DPT_IUSE, DPT_FACC) VALUES ('MA', 'Mathematics Institute', 'DEP', 'Y', 'S');
INSERT INTO INS_DPT (DPT_CODE, DPT_NAME, DPT_TYPE, DPT_IUSE, DPT_FACC) VALUES ('ES', 'School of Engineering', 'SCH', 'Y', 'S');
INSERT INTO INS_DPT (DPT_CODE, DPT_NAME, DPT_TYPE, DPT_IUSE, DPT_FACC) VALUES ('LN', 'School of Modern Languages and Cultures', 'DEP', 'Y', 'A');
INSERT INTO INS_DPT (DPT_CODE, DPT_NAME, DPT_TYPE, DPT_IUSE, DPT_FACC) VALUES ('EC', 'Economics', 'DEP', 'Y', 'T');
INSERT INTO INS_DPT (DPT_CODE, DPT_NAME, DPT_TYPE, DPT_IUSE, DPT_FACC) VALUES ('IN', 'IT Services', 'ADM', 'Y', 'X');

INSERT INTO CAM_LEV (LEV_CODE, LEV_NAME, LEV_IUSE) VALUES ('1', 'Undergraduate Level 1', 'Y');
INSERT INTO CAM_LEV (LEV_CODE, LEV_NAME, LEV_IUSE) VALUES ('2', 'Undergraduate Level 2', 'Y');
INSERT INTO CAM_LEV (LEV_CODE, LEV_NAME, LEV_IUSE) VALUES ('3', 'Undergraduate Level 3', 'Y');
INSERT INTO CAM_LEV (LEV_CODE, LEV_NAME, LEV_IUSE) VALUES ('4', 'Undergraduate Level 4', 'Y');
INSERT INTO CAM_LEV (LEV_CODE, LEV_NAME, LEV_IUSE) VALUES ('5', 'Undergraduate Level 5', 'Y');
INSERT INTO CAM_LEV (LEV_CODE, LEV_NAME, LEV_IUSE) VALUES ('6', 'Undergraduate Level 6', 'Y');
INSERT INTO CAM_LEV (LEV_CODE, LEV_NAME, LEV_IUSE) VALUES ('7', 'Undergraduate Level 7', 'Y');
INSERT INTO CAM_LEV (LEV_CODE, LEV_NAME, LEV_IUSE) VALUES ('8', 'Undergraduate Level 8', 'Y');
INSERT INTO CAM_LEV (LEV_CODE, LEV_NAME, LEV_IUSE) VALUES ('9', 'Undergraduate Level 9', 'Y');
INSERT INTO CAM_LEV (LEV_CODE, LEV_NAME, LEV_IUSE) VALUES ('10', 'Undergraduate Level 10', 'Y');
INSERT INTO CAM_LEV (LEV_CODE, LEV_NAME, LEV_IUSE) VALUES ('11', 'Undergraduate Level 11', 'Y');
INSERT INTO CAM_LEV (LEV_CODE, LEV_NAME, LEV_IUSE) VALUES ('12', 'Undergraduate Level 12', 'Y');
INSERT INTO CAM_LEV (LEV_CODE, LEV_NAME, LEV_IUSE) VALUES ('F', 'Foundation', 'Y');
INSERT INTO CAM_LEV (LEV_CODE, LEV_NAME, LEV_IUSE) VALUES ('M1', 'Taught Postgraduate Level', 'Y');
INSERT INTO CAM_LEV (LEV_CODE, LEV_NAME, LEV_IUSE) VALUES ('M2', 'Research Postgraduate Level', 'Y');
INSERT INTO CAM_LEV (LEV_CODE, LEV_NAME, LEV_IUSE) VALUES ('X', 'Post-Experience', 'Y');

INSERT INTO CAM_REX (REX_CODE, REX_SNAM, REX_NAME, REX_APPLY) VALUES ('COY', 'CO-REQ BY YEAR', 'CO-REQUISITE BY YEAR', 'N');
INSERT INTO CAM_REX (REX_CODE, REX_SNAM, REX_NAME, REX_APPLY) VALUES ('PRC', 'PRE OR CO-REQ', 'PRE-REQUISITE OR CO-REQUISITE', 'N');
INSERT INTO CAM_REX (REX_CODE, REX_SNAM, REX_NAME, REX_APPLY) VALUES ('CO', 'CO-REQUISITE', 'CO-REQUISITE', 'N');
INSERT INTO CAM_REX (REX_CODE, REX_SNAM, REX_NAME, REX_APPLY) VALUES ('NON', 'NON-REQUISITE', 'NON-REQUISITE', 'N');
INSERT INTO CAM_REX (REX_CODE, REX_SNAM, REX_NAME, REX_APPLY) VALUES ('POST', 'POST-REQUISITE', 'POST-REQUISITE', 'N');
INSERT INTO CAM_REX (REX_CODE, REX_SNAM, REX_NAME, REX_APPLY) VALUES ('PRE', 'PRE-REQUISITE', 'PRE-REQUISITE', 'N');
INSERT INTO CAM_REX (REX_CODE, REX_SNAM, REX_NAME, REX_APPLY) VALUES ('REQ', 'REQUISITE', 'REQUISITE', 'Y');
INSERT INTO CAM_REX (REX_CODE, REX_SNAM, REX_NAME, REX_APPLY) VALUES ('ANTI', 'ANTI-REQUISITE', 'ANTI-REQUISITE', 'N');

INSERT INTO CAM_RCL (RCL_CODE, RCL_SNAM, RCL_NAME, RCL_APPLY) VALUES ('COMP', 'COMPULSORY', 'COMPULSORY RULES', 'Y');
INSERT INTO CAM_RCL (RCL_CODE, RCL_SNAM, RCL_NAME, RCL_APPLY) VALUES ('OPEN', 'OPEN', 'OPEN RULES', 'N');
INSERT INTO CAM_RCL (RCL_CODE, RCL_SNAM, RCL_NAME, RCL_APPLY) VALUES ('RECO', 'RECOMMENDED', 'RECOMMENDED RULES', 'N');

INSERT INTO CAM_MMR (MOD_CODE, MMR_CODE, MMR_AYRC, REX_CODE, RCL_CODE, MMR_DESC) VALUES ('CS261-15', '001', '20/21', 'PRE', 'COMP', 'To take CS261-15 you must have taken and passed CS118-15 and CS126-15');
INSERT INTO CAM_MMR (MOD_CODE, MMR_CODE, MMR_AYRC, REX_CODE, RCL_CODE, MMR_DESC) VALUES ('CS261-15', '002', '20/21', 'ANTI', 'COMP', 'If you take CS261-15 you cannot take CS343-30');
INSERT INTO CAM_MMR (MOD_CODE, MMR_CODE, MMR_AYRC, REX_CODE, RCL_CODE, MMR_DESC) VALUES ('CS126-15', '001', '20/21', 'PRE', 'COMP', 'To take CS126-15 you must have taken and passed CS118-15');

INSERT INTO CAM_MMB (MOD_CODE, MMR_CODE, MMB_SEQ, MMB_TFLAG, MMB_MIN, MMB_MAX, FMC_CODE, MMB_UCRD) VALUES ('CS261-15', '001', '001', 'P', 1.00, 1.00, 'CS118-15', 'M');
INSERT INTO CAM_MMB (MOD_CODE, MMR_CODE, MMB_SEQ, MMB_TFLAG, MMB_MIN, MMB_MAX, FMC_CODE, MMB_UCRD) VALUES ('CS261-15', '001', '002', 'P', 1.00, 1.00, 'CS126-15', 'M');
INSERT INTO CAM_MMB (MOD_CODE, MMR_CODE, MMB_SEQ, MMB_TFLAG, MMB_MIN, MMB_MAX, FMC_CODE, MMB_UCRD) VALUES ('CS261-15', '002', '001', 'T', 0.00, 0.00, 'CS343-30', 'M');
INSERT INTO CAM_MMB (MOD_CODE, MMR_CODE, MMB_SEQ, MMB_TFLAG, MMB_MIN, MMB_MAX, FMC_CODE, MMB_UCRD) VALUES ('CS126-15', '001', '001', 'P', 0.00, 0.00, 'CS118-15', 'M');

INSERT INTO CAM_FMC (FMC_CODE, FMC_SNAM, FMC_NAME, FMC_IUSE) VALUES ('CS118-15', 'CS118', 'Programming for Computer Scientists', 'Y');
INSERT INTO CAM_FMC (FMC_CODE, FMC_SNAM, FMC_NAME, FMC_IUSE) VALUES ('CS126-15', 'CS126', 'Design of Information Structures', 'Y');
INSERT INTO CAM_FMC (FMC_CODE, FMC_SNAM, FMC_NAME, FMC_IUSE) VALUES ('CS343-30', 'CS343', 'Computer & Business Studies Project', 'Y');

INSERT INTO CAM_FME (FMC_CODE, FME_SEQ, FME_MODP, MTC_CODE) VALUES ('CS118-15', '001', 'CS118-15', 'S');
INSERT INTO CAM_FME (FMC_CODE, FME_SEQ, FME_MODP, MTC_CODE) VALUES ('CS126-15', '001', 'CS126-15', 'S');
INSERT INTO CAM_FME (FMC_CODE, FME_SEQ, FME_MODP, MTC_CODE) VALUES ('CS343-30', '001', 'CS343-30', 'S');

INSERT INTO INS_MOD (MOD_CODE, DPT_CODE, MAP_CODE, MOD_CRDT, MOD_NAME, MOD_IUSE, MOD_UDF5) VALUES ('CS126-15', 'CS', 'CS126-15', 15, 'Design of Information Structures', 'Y', 'Y');
INSERT INTO CAM_MAVT (MOD_CODE, MAV_OCCUR, AYR_CODE, PSL_CODE, MAV_CRED) VALUES ('CS126-15', 'A', '20/21', 'A', '15');

INSERT INTO INS_MOD (MOD_CODE, DPT_CODE, MAP_CODE, MOD_CRDT, MOD_NAME, MOD_IUSE, MOD_UDF5) VALUES ('CS961-15', 'CS', 'CS961-15', 15, 'CS961-15', 'Y', 'Y');
INSERT INTO INS_MOD (MOD_CODE, DPT_CODE, MAP_CODE, MOD_CRDT, MOD_NAME, MOD_IUSE, MOD_UDF5) VALUES ('CS962-15', 'CS', 'CS962-15', 15, 'CS962-15', 'Y', 'Y');
INSERT INTO INS_MOD (MOD_CODE, DPT_CODE, MAP_CODE, MOD_CRDT, MOD_NAME, MOD_IUSE, MOD_UDF5) VALUES ('CS963-15', 'CS', 'CS963-15', 15, 'CS963-15', 'Y', 'Y');
INSERT INTO INS_MOD (MOD_CODE, DPT_CODE, MAP_CODE, MOD_CRDT, MOD_NAME, MOD_IUSE, MOD_UDF5) VALUES ('CS964-15', 'CS', 'CS964-15', 15, 'CS964-15', 'Y', 'Y');
INSERT INTO INS_MOD (MOD_CODE, DPT_CODE, MAP_CODE, MOD_CRDT, MOD_NAME, MOD_IUSE, MOD_UDF5) VALUES ('CS965-15', 'CS', 'CS965-15', 15, 'CS965-15', 'Y', 'Y');
INSERT INTO INS_MOD (MOD_CODE, DPT_CODE, MAP_CODE, MOD_CRDT, MOD_NAME, MOD_IUSE, MOD_UDF5) VALUES ('CS966-15', 'CS', 'CS966-15', 15, 'CS966-15', 'Y', 'Y');
INSERT INTO INS_MOD (MOD_CODE, DPT_CODE, MAP_CODE, MOD_CRDT, MOD_NAME, MOD_IUSE, MOD_UDF5) VALUES ('CS967-15', 'CS', 'CS967-15', 15, 'CS967-15', 'Y', 'Y');
INSERT INTO INS_MOD (MOD_CODE, DPT_CODE, MAP_CODE, MOD_CRDT, MOD_NAME, MOD_IUSE, MOD_UDF5) VALUES ('CS968-15', 'CS', 'CS968-15', 15, 'CS968-15', 'Y', 'Y');
INSERT INTO INS_MOD (MOD_CODE, DPT_CODE, MAP_CODE, MOD_CRDT, MOD_NAME, MOD_IUSE, MOD_UDF5) VALUES ('CS969-15', 'CS', 'CS969-15', 15, 'CS969-15', 'Y', 'Y');
INSERT INTO INS_MOD (MOD_CODE, DPT_CODE, MAP_CODE, MOD_CRDT, MOD_NAME, MOD_IUSE, MOD_UDF5) VALUES ('CS960-15', 'CS', 'CS960-15', 15, 'CS960-15', 'Y', 'Y');
INSERT INTO INS_MOD (MOD_CODE, DPT_CODE, MAP_CODE, MOD_CRDT, MOD_NAME, MOD_IUSE, MOD_UDF5) VALUES ('CS971-15', 'CS', 'CS971-15', 15, 'CS971-15', 'Y', 'Y');
INSERT INTO INS_MOD (MOD_CODE, DPT_CODE, MAP_CODE, MOD_CRDT, MOD_NAME, MOD_IUSE, MOD_UDF5) VALUES ('CS972-15', 'CS', 'CS972-15', 15, 'CS972-15', 'Y', 'Y');
INSERT INTO INS_MOD (MOD_CODE, DPT_CODE, MAP_CODE, MOD_CRDT, MOD_NAME, MOD_IUSE, MOD_UDF5) VALUES ('CS973-15', 'CS', 'CS973-15', 15, 'CS973-15', 'Y', 'Y');
INSERT INTO INS_MOD (MOD_CODE, DPT_CODE, MAP_CODE, MOD_CRDT, MOD_NAME, MOD_IUSE, MOD_UDF5) VALUES ('CS974-15', 'CS', 'CS974-15', 15, 'CS974-15', 'Y', 'Y');
INSERT INTO INS_MOD (MOD_CODE, DPT_CODE, MAP_CODE, MOD_CRDT, MOD_NAME, MOD_IUSE, MOD_UDF5) VALUES ('CS975-15', 'CS', 'CS975-15', 15, 'CS975-15', 'Y', 'Y');
INSERT INTO INS_MOD (MOD_CODE, DPT_CODE, MAP_CODE, MOD_CRDT, MOD_NAME, MOD_IUSE, MOD_UDF5) VALUES ('CS976-15', 'CS', 'CS976-15', 15, 'CS976-15', 'Y', 'Y');
INSERT INTO INS_MOD (MOD_CODE, DPT_CODE, MAP_CODE, MOD_CRDT, MOD_NAME, MOD_IUSE, MOD_UDF5) VALUES ('CS977-15', 'CS', 'CS977-15', 15, 'CS977-15', 'Y', 'Y');
INSERT INTO INS_MOD (MOD_CODE, DPT_CODE, MAP_CODE, MOD_CRDT, MOD_NAME, MOD_IUSE, MOD_UDF5) VALUES ('CS978-15', 'CS', 'CS978-15', 15, 'CS978-15', 'Y', 'Y');
INSERT INTO INS_MOD (MOD_CODE, DPT_CODE, MAP_CODE, MOD_CRDT, MOD_NAME, MOD_IUSE, MOD_UDF5) VALUES ('CS979-15', 'CS', 'CS979-15', 15, 'CS979-15', 'Y', 'Y');
INSERT INTO INS_MOD (MOD_CODE, DPT_CODE, MAP_CODE, MOD_CRDT, MOD_NAME, MOD_IUSE, MOD_UDF5) VALUES ('CS970-15', 'CS', 'CS970-15', 15, 'CS970-15', 'Y', 'Y');
INSERT INTO INS_MOD (MOD_CODE, DPT_CODE, MAP_CODE, MOD_CRDT, MOD_NAME, MOD_IUSE, MOD_UDF5) VALUES ('CS981-15', 'CS', 'CS981-15', 15, 'CS981-15', 'Y', 'Y');
INSERT INTO INS_MOD (MOD_CODE, DPT_CODE, MAP_CODE, MOD_CRDT, MOD_NAME, MOD_IUSE, MOD_UDF5) VALUES ('CS982-15', 'CS', 'CS982-15', 15, 'CS982-15', 'Y', 'Y');
INSERT INTO INS_MOD (MOD_CODE, DPT_CODE, MAP_CODE, MOD_CRDT, MOD_NAME, MOD_IUSE, MOD_UDF5) VALUES ('CS983-15', 'CS', 'CS983-15', 15, 'CS983-15', 'Y', 'Y');
INSERT INTO INS_MOD (MOD_CODE, DPT_CODE, MAP_CODE, MOD_CRDT, MOD_NAME, MOD_IUSE, MOD_UDF5) VALUES ('CS984-15', 'CS', 'CS984-15', 15, 'CS984-15', 'Y', 'Y');
INSERT INTO INS_MOD (MOD_CODE, DPT_CODE, MAP_CODE, MOD_CRDT, MOD_NAME, MOD_IUSE, MOD_UDF5) VALUES ('CS985-15', 'CS', 'CS985-15', 15, 'CS985-15', 'Y', 'Y');
INSERT INTO INS_MOD (MOD_CODE, DPT_CODE, MAP_CODE, MOD_CRDT, MOD_NAME, MOD_IUSE, MOD_UDF5) VALUES ('CS986-15', 'CS', 'CS986-15', 15, 'CS986-15', 'Y', 'Y');
INSERT INTO INS_MOD (MOD_CODE, DPT_CODE, MAP_CODE, MOD_CRDT, MOD_NAME, MOD_IUSE, MOD_UDF5) VALUES ('CS987-15', 'CS', 'CS987-15', 15, 'CS987-15', 'Y', 'Y');
INSERT INTO INS_MOD (MOD_CODE, DPT_CODE, MAP_CODE, MOD_CRDT, MOD_NAME, MOD_IUSE, MOD_UDF5) VALUES ('CS988-15', 'CS', 'CS988-15', 15, 'CS988-15', 'Y', 'Y');
INSERT INTO INS_MOD (MOD_CODE, DPT_CODE, MAP_CODE, MOD_CRDT, MOD_NAME, MOD_IUSE, MOD_UDF5) VALUES ('CS989-15', 'CS', 'CS989-15', 15, 'CS989-15', 'Y', 'Y');
INSERT INTO INS_MOD (MOD_CODE, DPT_CODE, MAP_CODE, MOD_CRDT, MOD_NAME, MOD_IUSE, MOD_UDF5) VALUES ('CS980-15', 'CS', 'CS980-15', 15, 'CS980-15', 'Y', 'Y');


INSERT INTO CAM_MAV (MOD_CODE, MAV_OCCUR, AYR_CODE, PSL_CODE, DPT_CODE, LEV_CODE, LCA_CODE, MAV_MAVN, PRS_CODE) VALUES ('CS126-15', 'A', '20/21', 'A', 'CS', '1', 'U', 'Design of Information Structures', 'CS0000126');


INSERT INTO CAM_MAV (MOD_CODE, MAV_OCCUR, AYR_CODE, PSL_CODE, DPT_CODE, LEV_CODE, LCA_CODE, MAV_MAVN, PRS_CODE) VALUES ('CS961-15', 'A', '20/21', 'A', 'CS', '1', 'U', 'CS961-15', 'CS0000961');
INSERT INTO CAM_MAV (MOD_CODE, MAV_OCCUR, AYR_CODE, PSL_CODE, DPT_CODE, LEV_CODE, LCA_CODE, MAV_MAVN, PRS_CODE) VALUES ('CS962-15', 'A', '20/21', 'A', 'CS', '1', 'U', 'CS962-15', 'CS0000962');
INSERT INTO CAM_MAV (MOD_CODE, MAV_OCCUR, AYR_CODE, PSL_CODE, DPT_CODE, LEV_CODE, LCA_CODE, MAV_MAVN, PRS_CODE) VALUES ('CS963-15', 'A', '20/21', 'A', 'CS', '1', 'U', 'CS963-15', 'CS0000963');
INSERT INTO CAM_MAV (MOD_CODE, MAV_OCCUR, AYR_CODE, PSL_CODE, DPT_CODE, LEV_CODE, LCA_CODE, MAV_MAVN, PRS_CODE) VALUES ('CS964-15', 'A', '20/21', 'A', 'CS', '1', 'U', 'CS964-15', 'CS0000964');
INSERT INTO CAM_MAV (MOD_CODE, MAV_OCCUR, AYR_CODE, PSL_CODE, DPT_CODE, LEV_CODE, LCA_CODE, MAV_MAVN, PRS_CODE) VALUES ('CS965-15', 'A', '20/21', 'A', 'CS', '1', 'U', 'CS965-15', 'CS0000965');
INSERT INTO CAM_MAV (MOD_CODE, MAV_OCCUR, AYR_CODE, PSL_CODE, DPT_CODE, LEV_CODE, LCA_CODE, MAV_MAVN, PRS_CODE) VALUES ('CS966-15', 'A', '20/21', 'A', 'CS', '1', 'U', 'CS966-15', 'CS0000966');
INSERT INTO CAM_MAV (MOD_CODE, MAV_OCCUR, AYR_CODE, PSL_CODE, DPT_CODE, LEV_CODE, LCA_CODE, MAV_MAVN, PRS_CODE) VALUES ('CS967-15', 'A', '20/21', 'A', 'CS', '1', 'U', 'CS967-15', 'CS0000967');
INSERT INTO CAM_MAV (MOD_CODE, MAV_OCCUR, AYR_CODE, PSL_CODE, DPT_CODE, LEV_CODE, LCA_CODE, MAV_MAVN, PRS_CODE) VALUES ('CS968-15', 'A', '20/21', 'A', 'CS', '1', 'U', 'CS968-15', 'CS0000968');
INSERT INTO CAM_MAV (MOD_CODE, MAV_OCCUR, AYR_CODE, PSL_CODE, DPT_CODE, LEV_CODE, LCA_CODE, MAV_MAVN, PRS_CODE) VALUES ('CS969-15', 'A', '20/21', 'A', 'CS', '1', 'U', 'CS969-15', 'CS0000969');
INSERT INTO CAM_MAV (MOD_CODE, MAV_OCCUR, AYR_CODE, PSL_CODE, DPT_CODE, LEV_CODE, LCA_CODE, MAV_MAVN, PRS_CODE) VALUES ('CS960-15', 'A', '20/21', 'A', 'CS', '1', 'U', 'CS960-15', 'CS0000960');
INSERT INTO CAM_MAV (MOD_CODE, MAV_OCCUR, AYR_CODE, PSL_CODE, DPT_CODE, LEV_CODE, LCA_CODE, MAV_MAVN, PRS_CODE) VALUES ('CS971-15', 'A', '20/21', 'A', 'CS', '1', 'U', 'CS971-15', 'CS0000971');
INSERT INTO CAM_MAV (MOD_CODE, MAV_OCCUR, AYR_CODE, PSL_CODE, DPT_CODE, LEV_CODE, LCA_CODE, MAV_MAVN, PRS_CODE) VALUES ('CS972-15', 'A', '20/21', 'A', 'CS', '1', 'U', 'CS972-15', 'CS0000972');
INSERT INTO CAM_MAV (MOD_CODE, MAV_OCCUR, AYR_CODE, PSL_CODE, DPT_CODE, LEV_CODE, LCA_CODE, MAV_MAVN, PRS_CODE) VALUES ('CS973-15', 'A', '20/21', 'A', 'CS', '1', 'U', 'CS973-15', 'CS0000973');
INSERT INTO CAM_MAV (MOD_CODE, MAV_OCCUR, AYR_CODE, PSL_CODE, DPT_CODE, LEV_CODE, LCA_CODE, MAV_MAVN, PRS_CODE) VALUES ('CS974-15', 'A', '20/21', 'A', 'CS', '1', 'U', 'CS974-15', 'CS0000974');
INSERT INTO CAM_MAV (MOD_CODE, MAV_OCCUR, AYR_CODE, PSL_CODE, DPT_CODE, LEV_CODE, LCA_CODE, MAV_MAVN, PRS_CODE) VALUES ('CS975-15', 'A', '20/21', 'A', 'CS', '1', 'U', 'CS975-15', 'CS0000975');
INSERT INTO CAM_MAV (MOD_CODE, MAV_OCCUR, AYR_CODE, PSL_CODE, DPT_CODE, LEV_CODE, LCA_CODE, MAV_MAVN, PRS_CODE) VALUES ('CS976-15', 'A', '20/21', 'A', 'CS', '1', 'U', 'CS976-15', 'CS0000976');
INSERT INTO CAM_MAV (MOD_CODE, MAV_OCCUR, AYR_CODE, PSL_CODE, DPT_CODE, LEV_CODE, LCA_CODE, MAV_MAVN, PRS_CODE) VALUES ('CS977-15', 'A', '20/21', 'A', 'CS', '1', 'U', 'CS977-15', 'CS0000977');
INSERT INTO CAM_MAV (MOD_CODE, MAV_OCCUR, AYR_CODE, PSL_CODE, DPT_CODE, LEV_CODE, LCA_CODE, MAV_MAVN, PRS_CODE) VALUES ('CS978-15', 'A', '20/21', 'A', 'CS', '1', 'U', 'CS978-15', 'CS0000978');
INSERT INTO CAM_MAV (MOD_CODE, MAV_OCCUR, AYR_CODE, PSL_CODE, DPT_CODE, LEV_CODE, LCA_CODE, MAV_MAVN, PRS_CODE) VALUES ('CS979-15', 'A', '20/21', 'A', 'CS', '1', 'U', 'CS979-15', 'CS0000979');
INSERT INTO CAM_MAV (MOD_CODE, MAV_OCCUR, AYR_CODE, PSL_CODE, DPT_CODE, LEV_CODE, LCA_CODE, MAV_MAVN, PRS_CODE) VALUES ('CS970-15', 'A', '20/21', 'A', 'CS', '1', 'U', 'CS970-15', 'CS0000970');
INSERT INTO CAM_MAV (MOD_CODE, MAV_OCCUR, AYR_CODE, PSL_CODE, DPT_CODE, LEV_CODE, LCA_CODE, MAV_MAVN, PRS_CODE) VALUES ('CS981-15', 'A', '20/21', 'A', 'CS', '1', 'U', 'CS981-15', 'CS0000981');
INSERT INTO CAM_MAV (MOD_CODE, MAV_OCCUR, AYR_CODE, PSL_CODE, DPT_CODE, LEV_CODE, LCA_CODE, MAV_MAVN, PRS_CODE) VALUES ('CS982-15', 'A', '20/21', 'A', 'CS', '1', 'U', 'CS982-15', 'CS0000982');
INSERT INTO CAM_MAV (MOD_CODE, MAV_OCCUR, AYR_CODE, PSL_CODE, DPT_CODE, LEV_CODE, LCA_CODE, MAV_MAVN, PRS_CODE) VALUES ('CS983-15', 'A', '20/21', 'A', 'CS', '1', 'U', 'CS983-15', 'CS0000983');
INSERT INTO CAM_MAV (MOD_CODE, MAV_OCCUR, AYR_CODE, PSL_CODE, DPT_CODE, LEV_CODE, LCA_CODE, MAV_MAVN, PRS_CODE) VALUES ('CS984-15', 'A', '20/21', 'A', 'CS', '1', 'U', 'CS984-15', 'CS0000984');
INSERT INTO CAM_MAV (MOD_CODE, MAV_OCCUR, AYR_CODE, PSL_CODE, DPT_CODE, LEV_CODE, LCA_CODE, MAV_MAVN, PRS_CODE) VALUES ('CS985-15', 'A', '20/21', 'A', 'CS', '1', 'U', 'CS985-15', 'CS0000985');
INSERT INTO CAM_MAV (MOD_CODE, MAV_OCCUR, AYR_CODE, PSL_CODE, DPT_CODE, LEV_CODE, LCA_CODE, MAV_MAVN, PRS_CODE) VALUES ('CS986-15', 'A', '20/21', 'A', 'CS', '1', 'U', 'CS986-15', 'CS0000986');
INSERT INTO CAM_MAV (MOD_CODE, MAV_OCCUR, AYR_CODE, PSL_CODE, DPT_CODE, LEV_CODE, LCA_CODE, MAV_MAVN, PRS_CODE) VALUES ('CS987-15', 'A', '20/21', 'A', 'CS', '1', 'U', 'CS987-15', 'CS0000987');
INSERT INTO CAM_MAV (MOD_CODE, MAV_OCCUR, AYR_CODE, PSL_CODE, DPT_CODE, LEV_CODE, LCA_CODE, MAV_MAVN, PRS_CODE) VALUES ('CS988-15', 'A', '20/21', 'A', 'CS', '1', 'U', 'CS988-15', 'CS0000988');
INSERT INTO CAM_MAV (MOD_CODE, MAV_OCCUR, AYR_CODE, PSL_CODE, DPT_CODE, LEV_CODE, LCA_CODE, MAV_MAVN, PRS_CODE) VALUES ('CS989-15', 'A', '20/21', 'A', 'CS', '1', 'U', 'CS989-15', 'CS0000989');
INSERT INTO CAM_MAV (MOD_CODE, MAV_OCCUR, AYR_CODE, PSL_CODE, DPT_CODE, LEV_CODE, LCA_CODE, MAV_MAVN, PRS_CODE) VALUES ('CS980-15', 'A', '20/21', 'A', 'CS', '1', 'U', 'CS980-15', 'CS0000980');

INSERT INTO CAM_MAVT (MOD_CODE, MAV_OCCUR, AYR_CODE, PSL_CODE, MAV_CRED) VALUES ('CS961-15', 'A', '20/21', 'A', '15');
INSERT INTO CAM_MAVT (MOD_CODE, MAV_OCCUR, AYR_CODE, PSL_CODE, MAV_CRED) VALUES ('CS962-15', 'A', '20/21', 'A', '15');
INSERT INTO CAM_MAVT (MOD_CODE, MAV_OCCUR, AYR_CODE, PSL_CODE, MAV_CRED) VALUES ('CS963-15', 'A', '20/21', 'A', '15');
INSERT INTO CAM_MAVT (MOD_CODE, MAV_OCCUR, AYR_CODE, PSL_CODE, MAV_CRED) VALUES ('CS964-15', 'A', '20/21', 'A', '15');
INSERT INTO CAM_MAVT (MOD_CODE, MAV_OCCUR, AYR_CODE, PSL_CODE, MAV_CRED) VALUES ('CS965-15', 'A', '20/21', 'A', '15');
INSERT INTO CAM_MAVT (MOD_CODE, MAV_OCCUR, AYR_CODE, PSL_CODE, MAV_CRED) VALUES ('CS966-15', 'A', '20/21', 'A', '15');
INSERT INTO CAM_MAVT (MOD_CODE, MAV_OCCUR, AYR_CODE, PSL_CODE, MAV_CRED) VALUES ('CS967-15', 'A', '20/21', 'A', '15');
INSERT INTO CAM_MAVT (MOD_CODE, MAV_OCCUR, AYR_CODE, PSL_CODE, MAV_CRED) VALUES ('CS968-15', 'A', '20/21', 'A', '15');
INSERT INTO CAM_MAVT (MOD_CODE, MAV_OCCUR, AYR_CODE, PSL_CODE, MAV_CRED) VALUES ('CS969-15', 'A', '20/21', 'A', '15');
INSERT INTO CAM_MAVT (MOD_CODE, MAV_OCCUR, AYR_CODE, PSL_CODE, MAV_CRED) VALUES ('CS960-15', 'A', '20/21', 'A', '15');
INSERT INTO CAM_MAVT (MOD_CODE, MAV_OCCUR, AYR_CODE, PSL_CODE, MAV_CRED) VALUES ('CS971-15', 'A', '20/21', 'A', '15');
INSERT INTO CAM_MAVT (MOD_CODE, MAV_OCCUR, AYR_CODE, PSL_CODE, MAV_CRED) VALUES ('CS972-15', 'A', '20/21', 'A', '15');
INSERT INTO CAM_MAVT (MOD_CODE, MAV_OCCUR, AYR_CODE, PSL_CODE, MAV_CRED) VALUES ('CS973-15', 'A', '20/21', 'A', '15');
INSERT INTO CAM_MAVT (MOD_CODE, MAV_OCCUR, AYR_CODE, PSL_CODE, MAV_CRED) VALUES ('CS974-15', 'A', '20/21', 'A', '15');
INSERT INTO CAM_MAVT (MOD_CODE, MAV_OCCUR, AYR_CODE, PSL_CODE, MAV_CRED) VALUES ('CS975-15', 'A', '20/21', 'A', '15');
INSERT INTO CAM_MAVT (MOD_CODE, MAV_OCCUR, AYR_CODE, PSL_CODE, MAV_CRED) VALUES ('CS976-15', 'A', '20/21', 'A', '15');
INSERT INTO CAM_MAVT (MOD_CODE, MAV_OCCUR, AYR_CODE, PSL_CODE, MAV_CRED) VALUES ('CS977-15', 'A', '20/21', 'A', '15');
INSERT INTO CAM_MAVT (MOD_CODE, MAV_OCCUR, AYR_CODE, PSL_CODE, MAV_CRED) VALUES ('CS978-15', 'A', '20/21', 'A', '15');
INSERT INTO CAM_MAVT (MOD_CODE, MAV_OCCUR, AYR_CODE, PSL_CODE, MAV_CRED) VALUES ('CS979-15', 'A', '20/21', 'A', '15');
INSERT INTO CAM_MAVT (MOD_CODE, MAV_OCCUR, AYR_CODE, PSL_CODE, MAV_CRED) VALUES ('CS970-15', 'A', '20/21', 'A', '15');
INSERT INTO CAM_MAVT (MOD_CODE, MAV_OCCUR, AYR_CODE, PSL_CODE, MAV_CRED) VALUES ('CS981-15', 'A', '20/21', 'A', '15');
INSERT INTO CAM_MAVT (MOD_CODE, MAV_OCCUR, AYR_CODE, PSL_CODE, MAV_CRED) VALUES ('CS982-15', 'A', '20/21', 'A', '15');
INSERT INTO CAM_MAVT (MOD_CODE, MAV_OCCUR, AYR_CODE, PSL_CODE, MAV_CRED) VALUES ('CS983-15', 'A', '20/21', 'A', '15');
INSERT INTO CAM_MAVT (MOD_CODE, MAV_OCCUR, AYR_CODE, PSL_CODE, MAV_CRED) VALUES ('CS984-15', 'A', '20/21', 'A', '15');
INSERT INTO CAM_MAVT (MOD_CODE, MAV_OCCUR, AYR_CODE, PSL_CODE, MAV_CRED) VALUES ('CS985-15', 'A', '20/21', 'A', '15');
INSERT INTO CAM_MAVT (MOD_CODE, MAV_OCCUR, AYR_CODE, PSL_CODE, MAV_CRED) VALUES ('CS986-15', 'A', '20/21', 'A', '15');
INSERT INTO CAM_MAVT (MOD_CODE, MAV_OCCUR, AYR_CODE, PSL_CODE, MAV_CRED) VALUES ('CS987-15', 'A', '20/21', 'A', '15');
INSERT INTO CAM_MAVT (MOD_CODE, MAV_OCCUR, AYR_CODE, PSL_CODE, MAV_CRED) VALUES ('CS988-15', 'A', '20/21', 'A', '15');
INSERT INTO CAM_MAVT (MOD_CODE, MAV_OCCUR, AYR_CODE, PSL_CODE, MAV_CRED) VALUES ('CS989-15', 'A', '20/21', 'A', '15');
INSERT INTO CAM_MAVT (MOD_CODE, MAV_OCCUR, AYR_CODE, PSL_CODE, MAV_CRED) VALUES ('CS980-15', 'A', '20/21', 'A', '15');


INSERT INTO CAM_MDS (MOD_CODE, MDS_SEQN, MDS_DVNC, MDS_AYRC, MOD_DESC) VALUES ('CS126-15', '0001', 'TMB003', '20/21', 'The module aims for students to gain familiarity with the specification, implementation and use of some standard abstract data types (ADTs) such as linked lists, stacks, queues, graphs etc.');
INSERT INTO CAM_MDS (MOD_CODE, MDS_SEQN, MDS_DVNC, MDS_AYRC, MOD_DESC) VALUES ('CS126-15', '0002', 'TMB005', '20/21', 'https://warwick.ac.uk/fac/sci/dcs/teaching/material/cs126/');
INSERT INTO CAM_MDS (MOD_CODE, MDS_SEQN, MDS_DVNC, MDS_AYRC, MDS_UDF1, MDS_UDF2) VALUES ('CS126-15', '0003', 'MA013', '20/21', '30', '1');
INSERT INTO CAM_MDS (MOD_CODE, MDS_SEQN, MDS_DVNC, MDS_AYRC, MDS_UDF1, MDS_UDF2) VALUES ('CS126-15', '0004', 'MA018', '20/21', '8', '2');
INSERT INTO CAM_MDS (MOD_CODE, MDS_SEQN, MDS_DVNC, MDS_AYRC, MDS_TITL) VALUES ('CS126-15', '0005', 'MA026', '20/21', '20');
INSERT INTO CAM_TOP (TOP_CODE, MOD_CODE, DPT_CODE, TOP_PERC, TOP_UDF1) VALUES ('CS126-15-1', 'CS126-15', 'CS', '80', '20/21');
INSERT INTO CAM_TOP (TOP_CODE, MOD_CODE, DPT_CODE, TOP_PERC, TOP_UDF1) VALUES ('CS126-15-2', 'CS126-15', 'MA', '20', '20/21');

INSERT INTO CAM_MAP (MAP_CODE, MAP_AGRP) VALUES ('CS126-15', 'C');
INSERT INTO CAM_MAB (MAP_CODE, MAB_SEQ, MAB_AGRP, AST_CODE, MAB_PERC, MAB_TSHA, MAB_NAME, MAB_UDF4, MAB_IUSE, MAB_UDF1) VALUES ('CS126-15', 'A01', 'C', 'WRI', 50, 100, '1000 word essay', '20/21', 'Y', 'Y');
INSERT INTO CAM_MABD (MAB_MAPC, MAB_MABS, MAB_DESC) VALUES ('CS126-15', 'A01', 'Students write an essay');
INSERT INTO CAM_MAB (MAP_CODE, MAB_SEQ, MAB_AGRP, AST_CODE, MAB_PERC, MAB_TSHA, MAB_NAME, MAB_APAC, MAB_ADVC, MAB_UDF4, MAB_IUSE, MAB_UDF1) VALUES ('CS126-15', 'E01', 'C', 'ES', 50, 100, '2 hour exam', 'CS1260', 'X', '20/21', 'Y', 'Y');
INSERT INTO CAM_MABD (MAB_MAPC, MAB_MABS, MAB_DESC) VALUES ('CS126-15', 'E01', 'Students sit an exam');
INSERT INTO CAM_MAB (MAP_CODE, MAB_SEQ, MAB_AGRP, AST_CODE, MAB_PERC, MAB_TSHA, MAB_NAME, MAB_UDF3, MAB_UDF4, MAB_IUSE, MAB_UDF1) VALUES ('CS126-15', 'A02', 'R', 'WRI', 50, 100, '2000 word essay re-sit for exam', 'E01', '20/21', 'Y', 'Y');
INSERT INTO CAM_APA (APA_CODE, APA_APTC, APA_APSC) VALUES ('CS1260', 'C', 'STAN');
INSERT INTO CAM_ADV (ADV_APAC, ADV_CODE) VALUES ('CS1260', 'X');

INSERT INTO CAM_MAB (MAP_CODE, MAB_SEQ, MAB_AGRP, AST_CODE, MAB_PERC, MAB_TSHA, MAB_NAME, MAB_UDF4, MAB_IUSE, MAB_UDF1) VALUES ('CS126-15', 'A03', 'C1', 'WRI', 25, 100, '500 word essay', '22/23', 'N', 'N');
INSERT INTO CAM_MAB (MAP_CODE, MAB_SEQ, MAB_AGRP, AST_CODE, MAB_PERC, MAB_TSHA, MAB_NAME, MAB_UDF4, MAB_IUSE, MAB_UDF1) VALUES ('CS126-15', 'A04', 'C1', 'WRI', 25, 100, '500 word essay', '22/23', 'N', 'N');
INSERT INTO CAM_MAB (MAP_CODE, MAB_SEQ, MAB_AGRP, AST_CODE, MAB_PERC, MAB_TSHA, MAB_NAME, MAB_APAC, MAB_ADVC, MAB_UDF4, MAB_IUSE, MAB_UDF1) VALUES ('CS126-15', 'E02', 'C1', 'ES', 50, 100, '2 hour exam', 'CS1260', 'X', '22/23', 'N', 'N');
INSERT INTO CAM_MAB (MAP_CODE, MAB_SEQ, MAB_AGRP, AST_CODE, MAB_PERC, MAB_TSHA, MAB_NAME, MAB_UDF3, MAB_UDF4, MAB_IUSE, MAB_UDF1) VALUES ('CS126-15', 'A05', 'R1', 'WRI', 50, 100, '2000 word essay re-sit for exam', 'E02', '22/23', 'N', 'N');

-- Create a Computer Science course with three blocks occurring from 20/21 to 22/23
INSERT INTO SRS_CRS (CRS_CODE, CRS_NAME, CRS_DPTC) VALUES ('UCSA-G500', 'Computer Science', 'CS');

INSERT INTO SRS_CBK (CBK_CRSC, CBK_BLOK, CBK_YEAR) VALUES ('UCSA-G500', '1', '1');
INSERT INTO SRS_CBK (CBK_CRSC, CBK_BLOK, CBK_YEAR) VALUES ('UCSA-G500', '2', '2');
INSERT INTO SRS_CBK (CBK_CRSC, CBK_BLOK, CBK_YEAR) VALUES ('UCSA-G500', '3', '3');

INSERT INTO SRS_CBO (CBO_CRSC, CBO_BLOK, CBO_AYRC, CBO_OCCL, CBO_NBLK) VALUES ('UCSA-G500', '1', '20/21', 'A', '2');
INSERT INTO SRS_CBO (CBO_CRSC, CBO_BLOK, CBO_AYRC, CBO_OCCL, CBO_NBLK) VALUES ('UCSA-G500', '2', '21/22', 'A', '3');
INSERT INTO SRS_CBO (CBO_CRSC, CBO_BLOK, CBO_AYRC, CBO_OCCL, CBO_NBLK) VALUES ('UCSA-G500', '3', '22/23', 'A', null);

-- Create a Computer Science route and pathway, with a diet for three blocks
INSERT INTO INS_ROU (ROU_CODE, ROU_NAME) VALUES ('G500', 'Computer Science');
INSERT INTO INS_PWY (PWY_CODE, PWY_NAME, PWY_PWTC, PWY_AWDN) VALUES ('G500', 'Computer Science', 'UG', 'in Computer Science');

INSERT INTO CAM_PDT (PDT_CODE, PDT_MATC, PDT_TYPE, PDT_ROUC, PDT_PRDC, PDT_BLOK) VALUES ('G500-1-20', 'M', 'R', 'G500', 'Y', '1');
INSERT INTO CAM_PDT (PDT_CODE, PDT_MATC, PDT_TYPE, PDT_ROUC, PDT_PRDC, PDT_BLOK) VALUES ('G500-2-21', 'M', 'R', 'G500', 'Y', '2');
INSERT INTO CAM_PDT (PDT_CODE, PDT_MATC, PDT_TYPE, PDT_ROUC, PDT_PRDC, PDT_BLOK) VALUES ('G500-3-22', 'M', 'R', 'G500', 'Y', '3');

-- The Computer Science route is valid for the Computer Science course
INSERT INTO SRS_VCO (VCO_CRSC, VCO_SEQ6, VCO_PRGC, VCO_ROUC) VALUES ('UCSA-G500', '1', 'BSC', 'G500');

INSERT INTO INS_PRG (PRG_CODE, PRG_NAME) VALUES ('BSC', 'Degree of Bachelor of Science (with Honours)');

-- Create a core diet for block 1 containing CS126-15
INSERT INTO CAM_PDM (PDM_PDTC, PDM_SEQN, PDM_SESC, PDM_FMCC) VALUES ('G500-1-20', '001', 'C', 'G500-1-20-CXX');

INSERT INTO CAM_FMC (FMC_CODE) VALUES ('G500-1-20-CXX');

INSERT INTO CAM_FME (FMC_CODE, FME_SEQ, FME_MODP) VALUES ('G500-1-20-CXX', '001', 'CS126-15');

