SET SCHEMA INTUIT;

INSERT INTO INS_MOD (MOD_CODE, MOD_NAME, MOD_IUSE) VALUES ('CS118-15', 'Programming for Computer Scientists', 'Y');
INSERT INTO INS_MOD (MOD_CODE, MOD_NAME, MOD_IUSE) VALUES ('CS126-15', 'Design of Information Structures', 'Y');
INSERT INTO INS_MOD (MOD_CODE, MOD_NAME, MOD_IUSE) VALUES ('CS261-15', 'Software Engineering', 'Y');
INSERT INTO INS_MOD (MOD_CODE, MOD_NAME, MOD_IUSE) VALUES ('CS343-30', 'Computer & Business Studies Project', 'Y');

INSERT INTO CAM_AST (AST_CODE, AST_NAME, AST_IUSE) VALUES ('ES', 'Examination - Summer', 'Y');
INSERT INTO CAM_AST (AST_CODE, AST_NAME, AST_IUSE) VALUES ('WRI', 'Essay', 'Y');
INSERT INTO CAM_AST (AST_CODE, AST_NAME, AST_IUSE) VALUES ('O', 'Other', 'Y');
INSERT INTO CAM_AST (AST_CODE, AST_NAME, AST_IUSE) VALUES ('DA', 'Design Assignment', 'Y');
INSERT INTO CAM_AST (AST_CODE, AST_NAME, AST_IUSE) VALUES ('T', 'In-Class Test', 'Y');
INSERT INTO CAM_AST (AST_CODE, AST_NAME, AST_IUSE) VALUES ('D', 'Dissertation', 'Y');

INSERT INTO SRS_FAC (FAC_CODE, FAC_NAME, FAC_IUSE) VALUES ('A', 'Arts', 'Y');
INSERT INTO SRS_FAC (FAC_CODE, FAC_NAME, FAC_IUSE) VALUES ('S', 'Science', 'Y');
INSERT INTO SRS_FAC (FAC_CODE, FAC_NAME, FAC_IUSE) VALUES ('T', 'Social Sciences', 'Y');
INSERT INTO SRS_FAC (FAC_CODE, FAC_NAME, FAC_IUSE) VALUES ('X', 'No Faculty', 'Y');
INSERT INTO SRS_FAC (FAC_CODE, FAC_NAME, FAC_IUSE) VALUES ('M', 'Medicine', 'Y');
INSERT INTO SRS_FAC (FAC_CODE, FAC_NAME, FAC_IUSE) VALUES ('I', 'Interdisciplinary/Cross-Faculty', 'Y');

INSERT INTO INS_DPT (DPT_CODE, DPT_NAME, DPT_TYPE, DPT_IUSE, DPT_FACC) VALUES ('CS', 'Computer Science', 'DEP', 'Y', 'S');
INSERT INTO INS_DPT (DPT_CODE, DPT_NAME, DPT_TYPE, DPT_IUSE, DPT_FACC) VALUES ('MA', 'Mathematics Institute', 'DEP', 'Y', 'S');
INSERT INTO INS_DPT (DPT_CODE, DPT_NAME, DPT_TYPE, DPT_IUSE, DPT_FACC) VALUES ('ES', 'School of Engineering', 'SCH', 'Y', 'S');
INSERT INTO INS_DPT (DPT_CODE, DPT_NAME, DPT_TYPE, DPT_IUSE, DPT_FACC) VALUES ('LN', 'School of Modern Languages and Cultures', 'DEP', 'Y', 'A');
INSERT INTO INS_DPT (DPT_CODE, DPT_NAME, DPT_TYPE, DPT_IUSE, DPT_FACC) VALUES ('EC', 'Economics', 'DEP', 'Y', 'T');
INSERT INTO INS_DPT (DPT_CODE, DPT_NAME, DPT_TYPE, DPT_IUSE, DPT_FACC) VALUES ('IN', 'IT Services', 'ADM', 'Y', 'X');

INSERT INTO CAM_LEV (LEV_CODE, LEV_NAME, LEV_IUSE) VALUES ('1', 'Undergraduate Level 1', 'Y');
INSERT INTO CAM_LEV (LEV_CODE, LEV_NAME, LEV_IUSE) VALUES ('2', 'Undergraduate Level 2', 'Y');
INSERT INTO CAM_LEV (LEV_CODE, LEV_NAME, LEV_IUSE) VALUES ('3', 'Undergraduate Level 3', 'Y');
INSERT INTO CAM_LEV (LEV_CODE, LEV_NAME, LEV_IUSE) VALUES ('4', 'Undergraduate Level 4', 'Y');
INSERT INTO CAM_LEV (LEV_CODE, LEV_NAME, LEV_IUSE) VALUES ('5', 'Undergraduate Level 5', 'Y');
INSERT INTO CAM_LEV (LEV_CODE, LEV_NAME, LEV_IUSE) VALUES ('6', 'Undergraduate Level 6', 'Y');
INSERT INTO CAM_LEV (LEV_CODE, LEV_NAME, LEV_IUSE) VALUES ('7', 'Undergraduate Level 7', 'Y');
INSERT INTO CAM_LEV (LEV_CODE, LEV_NAME, LEV_IUSE) VALUES ('8', 'Undergraduate Level 8', 'Y');
INSERT INTO CAM_LEV (LEV_CODE, LEV_NAME, LEV_IUSE) VALUES ('9', 'Undergraduate Level 9', 'Y');
INSERT INTO CAM_LEV (LEV_CODE, LEV_NAME, LEV_IUSE) VALUES ('10', 'Undergraduate Level 10', 'Y');
INSERT INTO CAM_LEV (LEV_CODE, LEV_NAME, LEV_IUSE) VALUES ('11', 'Undergraduate Level 11', 'Y');
INSERT INTO CAM_LEV (LEV_CODE, LEV_NAME, LEV_IUSE) VALUES ('12', 'Undergraduate Level 12', 'Y');
INSERT INTO CAM_LEV (LEV_CODE, LEV_NAME, LEV_IUSE) VALUES ('F', 'Foundation', 'Y');
INSERT INTO CAM_LEV (LEV_CODE, LEV_NAME, LEV_IUSE) VALUES ('M1', 'Taught Postgraduate Level', 'Y');
INSERT INTO CAM_LEV (LEV_CODE, LEV_NAME, LEV_IUSE) VALUES ('M2', 'Research Postgraduate Level', 'Y');
INSERT INTO CAM_LEV (LEV_CODE, LEV_NAME, LEV_IUSE) VALUES ('X', 'Post-Experience', 'Y');

INSERT INTO CAM_REX (REX_CODE, REX_SNAM, REX_NAME, REX_APPLY) VALUES ('COY', 'CO-REQ BY YEAR', 'CO-REQUISITE BY YEAR', 'N');
INSERT INTO CAM_REX (REX_CODE, REX_SNAM, REX_NAME, REX_APPLY) VALUES ('PRC', 'PRE OR CO-REQ', 'PRE-REQUISITE OR CO-REQUISITE', 'N');
INSERT INTO CAM_REX (REX_CODE, REX_SNAM, REX_NAME, REX_APPLY) VALUES ('CO', 'CO-REQUISITE', 'CO-REQUISITE', 'N');
INSERT INTO CAM_REX (REX_CODE, REX_SNAM, REX_NAME, REX_APPLY) VALUES ('NON', 'NON-REQUISITE', 'NON-REQUISITE', 'N');
INSERT INTO CAM_REX (REX_CODE, REX_SNAM, REX_NAME, REX_APPLY) VALUES ('POST', 'POST-REQUISITE', 'POST-REQUISITE', 'N');
INSERT INTO CAM_REX (REX_CODE, REX_SNAM, REX_NAME, REX_APPLY) VALUES ('PRE', 'PRE-REQUISITE', 'PRE-REQUISITE', 'N');
INSERT INTO CAM_REX (REX_CODE, REX_SNAM, REX_NAME, REX_APPLY) VALUES ('REQ', 'REQUISITE', 'REQUISITE', 'Y');
INSERT INTO CAM_REX (REX_CODE, REX_SNAM, REX_NAME, REX_APPLY) VALUES ('ANTI', 'ANTI-REQUISITE', 'ANTI-REQUISITE', 'N');

INSERT INTO CAM_RCL (RCL_CODE, RCL_SNAM, RCL_NAME, RCL_APPLY) VALUES ('COMP', 'COMPULSORY', 'COMPULSORY RULES', 'Y');
INSERT INTO CAM_RCL (RCL_CODE, RCL_SNAM, RCL_NAME, RCL_APPLY) VALUES ('OPEN', 'OPEN', 'OPEN RULES', 'N');
INSERT INTO CAM_RCL (RCL_CODE, RCL_SNAM, RCL_NAME, RCL_APPLY) VALUES ('RECO', 'RECOMMENDED', 'RECOMMENDED RULES', 'N');

INSERT INTO CAM_MMR (MOD_CODE, MMR_CODE, MMR_AYRC, REX_CODE, RCL_CODE, MMR_DESC) VALUES ('CS261-15', '001', '19/20', 'PRE', 'COMP', 'To take CS261-15 you must have taken and passed CS118-15 and CS126-15');
INSERT INTO CAM_MMR (MOD_CODE, MMR_CODE, MMR_AYRC, REX_CODE, RCL_CODE, MMR_DESC) VALUES ('CS261-15', '002', '19/20', 'ANTI', 'COMP', 'If you take CS261-15 you cannot take CS343-30');

INSERT INTO CAM_MMB (MOD_CODE, MMR_CODE, MMB_SEQ, MMB_TFLAG, MMB_MIN, MMB_MAX, FMC_CODE, MMB_UCRD) VALUES ('CS261-15', '001', '001', 'P', 1.00, 1.00, 'CS118-15', 'M');
INSERT INTO CAM_MMB (MOD_CODE, MMR_CODE, MMB_SEQ, MMB_TFLAG, MMB_MIN, MMB_MAX, FMC_CODE, MMB_UCRD) VALUES ('CS261-15', '001', '002', 'P', 1.00, 1.00, 'CS126-15', 'M');
INSERT INTO CAM_MMB (MOD_CODE, MMR_CODE, MMB_SEQ, MMB_TFLAG, MMB_MIN, MMB_MAX, FMC_CODE, MMB_UCRD) VALUES ('CS261-15', '002', '001', 'T', 0.00, 0.00, 'CS343-30', 'M');

INSERT INTO CAM_FMC (FMC_CODE, FMC_SNAM, FMC_NAME, FMC_IUSE) VALUES ('CS118-15', 'CS118', 'Programming for Computer Scientists', 'Y');
INSERT INTO CAM_FMC (FMC_CODE, FMC_SNAM, FMC_NAME, FMC_IUSE) VALUES ('CS126-15', 'CS126', 'Design of Information Structures', 'Y');
INSERT INTO CAM_FMC (FMC_CODE, FMC_SNAM, FMC_NAME, FMC_IUSE) VALUES ('CS343-30', 'CS343', 'Computer & Business Studies Project', 'Y');

INSERT INTO CAM_FME (FMC_CODE, FME_SEQ, FME_MODP, MTC_CODE) VALUES ('CS118-15', '001', 'CS118-15', 'S');
INSERT INTO CAM_FME (FMC_CODE, FME_SEQ, FME_MODP, MTC_CODE) VALUES ('CS126-15', '001', 'CS126-15', 'S');
INSERT INTO CAM_FME (FMC_CODE, FME_SEQ, FME_MODP, MTC_CODE) VALUES ('CS343-30', '001', 'CS343-30', 'S');